file,kannada,roman
c85.ogg,ಅ,a
c85_ca8_cbe_ca8_cb8_ccd.ogg,ಅನಾನಸ್,anaanas
c86.ogg,ಆ,aa
c86_ca8_cc6.ogg,ಆನೆ,aane
c87.ogg,ಇ,i
c87_cb2_cbf.ogg,ಇಲಿ,ili
c88.ogg,ಈ,ii
c88_cb0_cc1_cb3_ccd_cb3_cbf.ogg,ಈರುಳ್ಳಿ,iiruLLi
c89.ogg,ಉ,u
c89_c82_c97_cc1_cb0.ogg,ಉಂಗುರ,ungura
c8a.ogg,ಊ,uu
c8a_c9f.ogg,ಊಟ,uuTa
c8b.ogg,ಋ,ru
c8b_cb7_cbf.ogg,ಋಷಿ,rushi
c8e.ogg,ಎ,e
c8e_cb2_cc6.ogg,ಎಲೆ,ele
c8f.ogg,ಏ,ee
c8f_ca3_cbf.ogg,ಏಣಿ,eeNi
c90.ogg,ಐ,ai
c90_ca6_cc1.ogg,ಐದು,aidu
c92.ogg,ಒ,o
c92_c82_c9f_cc6.ogg,ಒಂಟೆ,onTe
c93.ogg,ಓ,oo
c93_ca6_cc1.ogg,ಓದು,oodu
c94.ogg,ಔ,au
c94_cb7_ca7_cbf.ogg,ಔಷಧಿ,aushadhi
c85_c82.ogg,ಅಂ,am
c85_c82_c97_ca1_cbf.ogg,ಅಂಗಡಿ,angaDi
c85_c83.ogg,ಅಃ,ah
ca6_cc1_c83_c96.ogg,ದುಃಖ,duhkha
c95.ogg,ಕ,ka
c95_cae_cb2.ogg,ಕಮಲ,kamala
c96.ogg,ಖ,kha
c96_ca1_ccd_c97.ogg,ಖಡ್ಗ,khaDga
c97.ogg,ಗ,ga
c97_ca1_cbf_caf_cbe_cb0.ogg,ಗಡಿಯಾರ,gaDiyaara
c98.ogg,ಘ,gha
c98_c82_c9f_cc6.ogg,ಘಂಟೆ,ghanTe
c99.ogg,ಙ,nga
cb5_cbe_c99_ccd_cae_caf.ogg,ವಾಙ್ಮಯ,vaangmaya
c9a.ogg,ಚ,cha
c9a_cae_c9a.ogg,ಚಮಚ,chamacha
c9b.ogg,ಛ,chha
c9b_ca4_ccd_cb0_cbf.ogg,ಛತ್ರಿ,chhatri
c9c.ogg,ಜ,ja
c9c_cbf_c82_c95_cc6.ogg,ಜಿಂಕೆ,jinke
c9d.ogg,ಝ,jha
c9d_cb0_cbf.ogg,ಝರಿ,jhari
c9e.ogg,ಞ,nya
c9c_ccd_c9e_cbe_ca8.ogg,ಜ್ಞಾನ,jnaana
c9f.ogg,ಟ,Ta
c9f_c97_cb0_cc1.ogg,ಟಗರು,Tagaru
ca0.ogg,ಠ,Tha
cae_ca0.ogg,ಮಠ,maTha
ca1.ogg,ಡ,Da
ca1_cae_cb0_cc1.ogg,ಡಮರು,Damaru
ca2.ogg,ಢ,Dha
ca2_c95_ccd_c95_cc6.ogg,ಢಕ್ಕೆ,Dhakke
ca3.ogg,ಣ,Na
cac_cbe_ca3.ogg,ಬಾಣ,baaNa
ca4.ogg,ತ,ta
ca4_cb0_c95_cbe_cb0_cbf.ogg,ತರಕಾರಿ,tarakaari
ca5.ogg,ಥ,tha
c95_ca5_cc6.ogg,ಕಥೆ,kathe
ca6.ogg,ದ,da
ca6_ca8.ogg,ದನ,dana
ca7.ogg,ಧ,dha
ca7_ccd_cb5_c9c.ogg,ಧ್ವಜ,dhvaja
ca8.ogg,ನ,na
ca8_cb5_cbf_cb2_cc1.ogg,ನವಿಲು,navilu
caa.ogg,ಪ,pa
caa_cc1_cb8_ccd_ca4_c95.ogg,ಪುಸ್ತಕ,pustaka
cab.ogg,ಫ,pha
cab_cb2.ogg,ಫಲ,phala
cac.ogg,ಬ,ba
cac_cbe_ca4_cc1_c95_ccb_cb3_cbf.ogg,ಬಾತುಕೋಳಿ,baatukoLi
cad.ogg,ಭ,bha
cad_cc2_cae_cbf.ogg,ಭೂಮಿ,bhuumi
cae.ogg,ಮ,ma
cae_cb0.ogg,ಮರ,mara
caf.ogg,ಯ,ya
caf_c82_ca4_ccd_cb0.ogg,ಯಂತ್ರ,yantra
cb0.ogg,ರ,ra
cb0_cc8_cb2_cc1.ogg,ರೈಲು,railu
cb2.ogg,ಲ,la
cb2_cbe_cb0_cbf.ogg,ಲಾರಿ,laari
cb5.ogg,ವ,va
cb5_c9c_ccd_cb0.ogg,ವಜ್ರ,vajra
cb6.ogg,ಶ,sha
cb6_c82_c96.ogg,ಶಂಖ,shankha
cb7.ogg,ಷ,Sha
c95_cc3_cb7_cbf.ogg,ಕೃಷಿ,krushi
cb8.ogg,ಸ,sa
cb8_cc2_cb0_ccd_caf.ogg,ಸೂರ್ಯ,suurya
cb9.ogg,ಹ,ha
cb9_cc2_cb5_cc1.ogg,ಹೂವು,huuvu
cb3.ogg,ಳ,La
cac_cbe_cb3_cc6_cb9_ca3_ccd_ca3_cc1.ogg,ಬಾಳೆಹಣ್ಣು,baaLehaNNu
cb8_cca_ca8_ccd_ca8_cc6.ogg,ಸೊನ್ನೆ,sonne
c92_c82_ca6_cc1.ogg,ಒಂದು,ondu
c8e_cb0_ca1_cc1.ogg,ಎರಡು,eraDu
cae_cc2_cb0_cc1.ogg,ಮೂರು,mooru
ca8_cbe_cb2_ccd_c95_cc1.ogg,ನಾಲ್ಕು,naalku
c86_cb0_cc1.ogg,ಆರು,aaru
c8f_cb3_cc1.ogg,ಏಳು,eeLu
c8e_c82_c9f_cc1.ogg,ಎಂಟು,enTu
c92_c82_cac_ca4_ccd_ca4_cc1.ogg,ಒಂಬತ್ತು,ombattu
cb9_ca4_ccd_ca4_cc1.ogg,ಹತ್ತು,hattu
c95_cbe.ogg,ಕಾ,kaa
c95_cbf.ogg,ಕಿ,ki
c95_cc0.ogg,ಕೀ,kii
c95_cc1.ogg,ಕು,ku
c95_cc2.ogg,ಕೂ,kuu
c95_cc3.ogg,ಕೃ,kru
c95_cc6.ogg,ಕೆ,ke
c95_cc7.ogg,ಕೇ,kee
c95_cc8.ogg,ಕೈ,kai
c95_cca.ogg,ಕೊ,ko
c95_ccb.ogg,ಕೋ,koo
c95_ccc.ogg,ಕೌ,kau
c95_c82.ogg,ಕಂ,kam
c95_c83.ogg,ಕಃ,kah
c96_cbe.ogg,ಖಾ,khaa
c96_cbf.ogg,ಖಿ,khi
c96_cc0.ogg,ಖೀ,khii
c96_cc1.ogg,ಖು,khu
c96_cc2.ogg,ಖೂ,khuu
c96_cc3.ogg,ಖೃ,khru
c96_cc6.ogg,ಖೆ,khe
c96_cc7.ogg,ಖೇ,khee
c96_cc8.ogg,ಖೈ,khai
c96_cca.ogg,ಖೊ,kho
c96_ccb.ogg,ಖೋ,khoo
c96_ccc.ogg,ಖೌ,khau
c96_c82.ogg,ಖಂ,kham
c96_c83.ogg,ಖಃ,khah
c97_cbe.ogg,ಗಾ,gaa
c97_cbf.ogg,ಗಿ,gi
c97_cc0.ogg,ಗೀ,gii
c97_cc1.ogg,ಗು,gu
c97_cc2.ogg,ಗೂ,guu
c97_cc3.ogg,ಗೃ,gru
c97_cc6.ogg,ಗೆ,ge
c97_cc7.ogg,ಗೇ,gee
c97_cc8.ogg,ಗೈ,gai
c97_cca.ogg,ಗೊ,go
c97_ccb.ogg,ಗೋ,goo
c97_ccc.ogg,ಗೌ,gau
c97_c82.ogg,ಗಂ,gam
c97_c83.ogg,ಗಃ,gah
c98_cbe.ogg,ಘಾ,ghaa
c98_cbf.ogg,ಘಿ,ghi
c98_cc0.ogg,ಘೀ,ghii
c98_cc1.ogg,ಘು,ghu
c98_cc2.ogg,ಘೂ,ghuu
c98_cc3.ogg,ಘೃ,ghru
c98_cc6.ogg,ಘೆ,ghe
c98_cc7.ogg,ಘೇ,ghee
c98_cc8.ogg,ಘೈ,ghai
c98_cca.ogg,ಘೊ,gho
c98_ccb.ogg,ಘೋ,ghoo
c98_ccc.ogg,ಘೌ,ghau
c98_c82.ogg,ಘಂ,gham
c98_c83.ogg,ಘಃ,ghah
c99_cbe.ogg,ಙಾ,ngaa
c99_cbf.ogg,ಙಿ,ngi
c99_cc0.ogg,ಙೀ,ngii
c99_cc1.ogg,ಙು,ngu
c99_cc2.ogg,ಙೂ,nguu
c99_cc3.ogg,ಙೃ,ngru
c99_cc6.ogg,ಙೆ,nge
c99_cc7.ogg,ಙೇ,ngee
c99_cc8.ogg,ಙೈ,ngai
c99_cca.ogg,ಙೊ,ngo
c99_ccb.ogg,ಙೋ,ngoo
c99_ccc.ogg,ಙೌ,ngau
c99_c82.ogg,ಙಂ,ngam
c99_c83.ogg,ಙಃ,ngah
c9a_cbe.ogg,ಚಾ,chaa
c9a_cbf.ogg,ಚಿ,chi
c9a_cc0.ogg,ಚೀ,chii
c9a_cc1.ogg,ಚು,chu
c9a_cc2.ogg,ಚೂ,chuu
c9a_cc3.ogg,ಚೃ,chru
c9a_cc6.ogg,ಚೆ,che
c9a_cc7.ogg,ಚೇ,chee
c9a_cc8.ogg,ಚೈ,chai
c9a_cca.ogg,ಚೊ,cho
c9a_ccb.ogg,ಚೋ,choo
c9a_ccc.ogg,ಚೌ,chau
c9a_c82.ogg,ಚಂ,cham
c9a_c83.ogg,ಚಃ,chah
c9b_cbe.ogg,ಛಾ,chhaa
c9b_cbf.ogg,ಛಿ,chhi
c9b_cc0.ogg,ಛೀ,chhii
c9b_cc1.ogg,ಛು,chhu
c9b_cc2.ogg,ಛೂ,chhuu
c9b_cc3.ogg,ಛೃ,chhru
c9b_cc6.ogg,ಛೆ,chhe
c9b_cc7.ogg,ಛೇ,chhee
c9b_cc8.ogg,ಛೈ,chhai
c9b_cca.ogg,ಛೊ,chho
c9b_ccb.ogg,ಛೋ,chhoo
c9b_ccc.ogg,ಛೌ,chhau
c9b_c82.ogg,ಛಂ,chham
c9b_c83.ogg,ಛಃ,chhah
c9c_cbe.ogg,ಜಾ,jaa
c9c_cbf.ogg,ಜಿ,ji
c9c_cc0.ogg,ಜೀ,jii
c9c_cc1.ogg,ಜು,ju
c9c_cc2.ogg,ಜೂ,juu
c9c_cc3.ogg,ಜೃ,jru
c9c_cc6.ogg,ಜೆ,je
c9c_cc7.ogg,ಜೇ,jee
c9c_cc8.ogg,ಜೈ,jai
c9c_cca.ogg,ಜೊ,jo
c9c_ccb.ogg,ಜೋ,joo
c9c_ccc.ogg,ಜೌ,jau
c9c_c82.ogg,ಜಂ,jam
c9c_c83.ogg,ಜಃ,jah
c9d_cbe.ogg,ಝಾ,jhaa
c9d_cbf.ogg,ಝಿ,jhi
c9d_cc0.ogg,ಝೀ,jhii
c9d_cc1.ogg,ಝು,jhu
c9d_cc2.ogg,ಝೂ,jhuu
c9d_cc3.ogg,ಝೃ,jhru
c9d_cc6.ogg,ಝೆ,jhe
c9d_cc7.ogg,ಝೇ,jhee
c9d_cc8.ogg,ಝೈ,jhai
c9d_cca.ogg,ಝೊ,jho
c9d_ccb.ogg,ಝೋ,jhoo
c9d_ccc.ogg,ಝೌ,jhau
c9d_c82.ogg,ಝಂ,jham
c9d_c83.ogg,ಝಃ,jhah
c9e_cbe.ogg,ಞಾ,nyaa
c9e_cbf.ogg,ಞಿ,nyi
c9e_cc0.ogg,ಞೀ,nyii
c9e_cc1.ogg,ಞು,nyu
c9e_cc2.ogg,ಞೂ,nyuu
c9e_cc3.ogg,ಞೃ,nyru
c9e_cc6.ogg,ಞೆ,nye
c9e_cc7.ogg,ಞೇ,nyee
c9e_cc8.ogg,ಞೈ,nyai
c9e_cca.ogg,ಞೊ,nyo
c9e_ccb.ogg,ಞೋ,nyoo
c9e_ccc.ogg,ಞೌ,nyau
c9e_c82.ogg,ಞಂ,nyam
c9e_c83.ogg,ಞಃ,nyah
c9f_cbe.ogg,ಟಾ,Taa
c9f_cbf.ogg,ಟಿ,Ti
c9f_cc0.ogg,ಟೀ,Tii
c9f_cc1.ogg,ಟು,Tu
c9f_cc2.ogg,ಟೂ,Tuu
c9f_cc3.ogg,ಟೃ,Tru
c9f_cc6.ogg,ಟೆ,Te
c9f_cc7.ogg,ಟೇ,Tee
c9f_cc8.ogg,ಟೈ,Tai
c9f_cca.ogg,ಟೊ,To
c9f_ccb.ogg,ಟೋ,Too
c9f_ccc.ogg,ಟೌ,Tau
c9f_c82.ogg,ಟಂ,Tam
c9f_c83.ogg,ಟಃ,Tah
ca0_cbe.ogg,ಠಾ,Thaa
ca0_cbf.ogg,ಠಿ,Thi
ca0_cc0.ogg,ಠೀ,Thii
ca0_cc1.ogg,ಠು,Thu
ca0_cc2.ogg,ಠೂ,Thuu
ca0_cc3.ogg,ಠೃ,Thru
ca0_cc6.ogg,ಠೆ,The
ca0_cc7.ogg,ಠೇ,Thee
ca0_cc8.ogg,ಠೈ,Thai
ca0_cca.ogg,ಠೊ,Tho
ca0_ccb.ogg,ಠೋ,Thoo
ca0_ccc.ogg,ಠೌ,Thau
ca0_c82.ogg,ಠಂ,Tham
ca0_c83.ogg,ಠಃ,Thah
ca1_cbe.ogg,ಡಾ,Daa
ca1_cbf.ogg,ಡಿ,Di
ca1_cc0.ogg,ಡೀ,Dii
ca1_cc1.ogg,ಡು,Du
ca1_cc2.ogg,ಡೂ,Duu
ca1_cc3.ogg,ಡೃ,Dru
ca1_cc6.ogg,ಡೆ,De
ca1_cc7.ogg,ಡೇ,Dee
ca1_cc8.ogg,ಡೈ,Dai
ca1_cca.ogg,ಡೊ,Do
ca1_ccb.ogg,ಡೋ,Doo
ca1_ccc.ogg,ಡೌ,Dau
ca1_c82.ogg,ಡಂ,Dam
ca1_c83.ogg,ಡಃ,Dah
ca2_cbe.ogg,ಢಾ,Dhaa
ca2_cbf.ogg,ಢಿ,Dhi
ca2_cc0.ogg,ಢೀ,Dhii
ca2_cc1.ogg,ಢು,Dhu
ca2_cc2.ogg,ಢೂ,Dhuu
ca2_cc3.ogg,ಢೃ,Dhru
ca2_cc6.ogg,ಢೆ,Dhe
ca2_cc7.ogg,ಢೇ,Dhee
ca2_cc8.ogg,ಢೈ,Dhai
ca2_cca.ogg,ಢೊ,Dho
ca2_ccb.ogg,ಢೋ,Dhoo
ca2_ccc.ogg,ಢೌ,Dhau
ca2_c82.ogg,ಢಂ,Dham
ca2_c83.ogg,ಢಃ,Dhah
ca3_cbe.ogg,ಣಾ,Naa
ca3_cbf.ogg,ಣಿ,Ni
ca3_cc0.ogg,ಣೀ,Nii
ca3_cc1.ogg,ಣು,Nu
ca3_cc2.ogg,ಣೂ,Nuu
ca3_cc3.ogg,ಣೃ,Nru
ca3_cc6.ogg,ಣೆ,Ne
ca3_cc7.ogg,ಣೇ,Nee
ca3_cc8.ogg,ಣೈ,Nai
ca3_cca.ogg,ಣೊ,No
ca3_ccb.ogg,ಣೋ,Noo
ca3_ccc.ogg,ಣೌ,Nau
ca3_c82.ogg,ಣಂ,Nam
ca3_c83.ogg,ಣಃ,Nah
ca4_cbe.ogg,ತಾ,taa
ca4_cbf.ogg,ತಿ,ti
ca4_cc0.ogg,ತೀ,tii
ca4_cc1.ogg,ತು,tu
ca4_cc2.ogg,ತೂ,tuu
ca4_cc3.ogg,ತೃ,tru
ca4_cc6.ogg,ತೆ,te
ca4_cc7.ogg,ತೇ,tee
ca4_cc8.ogg,ತೈ,tai
ca4_cca.ogg,ತೊ,to
ca4_ccb.ogg,ತೋ,too
ca4_ccc.ogg,ತೌ,tau
ca4_c82.ogg,ತಂ,tam
ca4_c83.ogg,ತಃ,tah
ca5_cbe.ogg,ಥಾ,thaa
ca5_cbf.ogg,ಥಿ,thi
ca5_cc0.ogg,ಥೀ,thii
ca5_cc1.ogg,ಥು,thu
ca5_cc2.ogg,ಥೂ,thuu
ca5_cc3.ogg,ಥೃ,thru
ca5_cc6.ogg,ಥೆ,the
ca5_cc7.ogg,ಥೇ,thee
ca5_cc8.ogg,ಥೈ,thai
ca5_cca.ogg,ಥೊ,tho
ca5_ccb.ogg,ಥೋ,thoo
ca5_ccc.ogg,ಥೌ,thau
ca5_c82.ogg,ಥಂ,tham
ca5_c83.ogg,ಥಃ,thah
ca6_cbe.ogg,ದಾ,daa
ca6_cbf.ogg,ದಿ,di
ca6_cc0.ogg,ದೀ,dii
ca6_cc1.ogg,ದು,du
ca6_cc2.ogg,ದೂ,duu
ca6_cc3.ogg,ದೃ,dru
ca6_cc6.ogg,ದೆ,de
ca6_cc7.ogg,ದೇ,dee
ca6_cc8.ogg,ದೈ,dai
ca6_cca.ogg,ದೊ,do
ca6_ccb.ogg,ದೋ,doo
ca6_ccc.ogg,ದೌ,dau
ca6_c82.ogg,ದಂ,dam
ca6_c83.ogg,ದಃ,dah
ca7_cbe.ogg,ಧಾ,dhaa
ca7_cbf.ogg,ಧಿ,dhi
ca7_cc0.ogg,ಧೀ,dhii
ca7_cc1.ogg,ಧು,dhu
ca7_cc2.ogg,ಧೂ,dhuu
ca7_cc3.ogg,ಧೃ,dhru
ca7_cc6.ogg,ಧೆ,dhe
ca7_cc7.ogg,ಧೇ,dhee
ca7_cc8.ogg,ಧೈ,dhai
ca7_cca.ogg,ಧೊ,dho
ca7_ccb.ogg,ಧೋ,dhoo
ca7_ccc.ogg,ಧೌ,dhau
ca7_c82.ogg,ಧಂ,dham
ca7_c83.ogg,ಧಃ,dhah
ca8_cbe.ogg,ನಾ,naa
ca8_cbf.ogg,ನಿ,ni
ca8_cc0.ogg,ನೀ,nii
ca8_cc1.ogg,ನು,nu
ca8_cc2.ogg,ನೂ,nuu
ca8_cc3.ogg,ನೃ,nru
ca8_cc6.ogg,ನೆ,ne
ca8_cc7.ogg,ನೇ,nee
ca8_cc8.ogg,ನೈ,nai
ca8_cca.ogg,ನೊ,no
ca8_ccb.ogg,ನೋ,noo
ca8_ccc.ogg,ನೌ,nau
ca8_c82.ogg,ನಂ,nam
ca8_c83.ogg,ನಃ,nah
caa_cbe.ogg,ಪಾ,paa
caa_cbf.ogg,ಪಿ,pi
caa_cc0.ogg,ಪೀ,pii
caa_cc1.ogg,ಪು,pu
caa_cc2.ogg,ಪೂ,puu
caa_cc3.ogg,ಪೃ,pru
caa_cc6.ogg,ಪೆ,pe
caa_cc7.ogg,ಪೇ,pee
caa_cc8.ogg,ಪೈ,pai
caa_cca.ogg,ಪೊ,po
caa_ccb.ogg,ಪೋ,poo
caa_ccc.ogg,ಪೌ,pau
caa_c82.ogg,ಪಂ,pam
caa_c83.ogg,ಪಃ,pah
cab_cbe.ogg,ಫಾ,phaa
cab_cbf.ogg,ಫಿ,phi
cab_cc0.ogg,ಫೀ,phii
cab_cc1.ogg,ಫು,phu
cab_cc2.ogg,ಫೂ,phuu
cab_cc3.ogg,ಫೃ,phru
cab_cc6.ogg,ಫೆ,phe
cab_cc7.ogg,ಫೇ,phee
cab_cc8.ogg,ಫೈ,phai
cab_cca.ogg,ಫೊ,pho
cab_ccb.ogg,ಫೋ,phoo
cab_ccc.ogg,ಫೌ,phau
cab_c82.ogg,ಫಂ,pham
cab_c83.ogg,ಫಃ,phah
cac_cbe.ogg,ಬಾ,baa
cac_cbf.ogg,ಬಿ,bi
cac_cc0.ogg,ಬೀ,bii
cac_cc1.ogg,ಬು,bu
cac_cc2.ogg,ಬೂ,buu
cac_cc3.ogg,ಬೃ,bru
cac_cc6.ogg,ಬೆ,be
cac_cc7.ogg,ಬೇ,bee
cac_cc8.ogg,ಬೈ,bai
cac_cca.ogg,ಬೊ,bo
cac_ccb.ogg,ಬೋ,boo
cac_ccc.ogg,ಬೌ,bau
cac_c82.ogg,ಬಂ,bam
cac_c83.ogg,ಬಃ,bah
cad_cbe.ogg,ಭಾ,bhaa
cad_cbf.ogg,ಭಿ,bhi
cad_cc0.ogg,ಭೀ,bhii
cad_cc1.ogg,ಭು,bhu
cad_cc2.ogg,ಭೂ,bhuu
cad_cc3.ogg,ಭೃ,bhru
cad_cc6.ogg,ಭೆ,bhe
cad_cc7.ogg,ಭೇ,bhee
cad_cc8.ogg,ಭೈ,bhai
cad_cca.ogg,ಭೊ,bho
cad_ccb.ogg,ಭೋ,bhoo
cad_ccc.ogg,ಭೌ,bhau
cad_c82.ogg,ಭಂ,bham
cad_c83.ogg,ಭಃ,bhah
cae_cbe.ogg,ಮಾ,maa
cae_cbf.ogg,ಮಿ,mi
cae_cc0.ogg,ಮೀ,mii
cae_cc1.ogg,ಮು,mu
cae_cc2.ogg,ಮೂ,muu
cae_cc3.ogg,ಮೃ,mru
cae_cc6.ogg,ಮೆ,me
cae_cc7.ogg,ಮೇ,mee
cae_cc8.ogg,ಮೈ,mai
cae_cca.ogg,ಮೊ,mo
cae_ccb.ogg,ಮೋ,moo
cae_ccc.ogg,ಮೌ,mau
cae_c82.ogg,ಮಂ,mam
cae_c83.ogg,ಮಃ,mah
caf_cbe.ogg,ಯಾ,yaa
caf_cbf.ogg,ಯಿ,yi
caf_cc0.ogg,ಯೀ,yii
caf_cc1.ogg,ಯು,yu
caf_cc2.ogg,ಯೂ,yuu
caf_cc3.ogg,ಯೃ,yru
caf_cc6.ogg,ಯೆ,ye
caf_cc7.ogg,ಯೇ,yee
caf_cc8.ogg,ಯೈ,yai
caf_cca.ogg,ಯೊ,yo
caf_ccb.ogg,ಯೋ,yoo
caf_ccc.ogg,ಯೌ,yau
caf_c82.ogg,ಯಂ,yam
caf_c83.ogg,ಯಃ,yah
cb0_cbe.ogg,ರಾ,raa
cb0_cbf.ogg,ರಿ,ri
cb0_cc0.ogg,ರೀ,rii
cb0_cc1.ogg,ರು,ru
cb0_cc2.ogg,ರೂ,ruu
cb0_cc3.ogg,ರೃ,rru
cb0_cc6.ogg,ರೆ,re
cb0_cc7.ogg,ರೇ,ree
cb0_cc8.ogg,ರೈ,rai
cb0_cca.ogg,ರೊ,ro
cb0_ccb.ogg,ರೋ,roo
cb0_ccc.ogg,ರೌ,rau
cb0_c82.ogg,ರಂ,ram
cb0_c83.ogg,ರಃ,rah
cb2_cbe.ogg,ಲಾ,laa
cb2_cbf.ogg,ಲಿ,li
cb2_cc0.ogg,ಲೀ,lii
cb2_cc1.ogg,ಲು,lu
cb2_cc2.ogg,ಲೂ,luu
cb2_cc3.ogg,ಲೃ,lru
cb2_cc6.ogg,ಲೆ,le
cb2_cc7.ogg,ಲೇ,lee
cb2_cc8.ogg,ಲೈ,lai
cb2_cca.ogg,ಲೊ,lo
cb2_ccb.ogg,ಲೋ,loo
cb2_ccc.ogg,ಲೌ,lau
cb2_c82.ogg,ಲಂ,lam
cb2_c83.ogg,ಲಃ,lah
cb5_cbe.ogg,ವಾ,vaa
cb5_cbf.ogg,ವಿ,vi
cb5_cc0.ogg,ವೀ,vii
cb5_cc1.ogg,ವು,vu
cb5_cc2.ogg,ವೂ,vuu
cb5_cc3.ogg,ವೃ,vru
cb5_cc6.ogg,ವೆ,ve
cb5_cc7.ogg,ವೇ,vee
cb5_cc8.ogg,ವೈ,vai
cb5_cca.ogg,ವೊ,vo
cb5_ccb.ogg,ವೋ,voo
cb5_ccc.ogg,ವೌ,vau
cb5_c82.ogg,ವಂ,vam
cb5_c83.ogg,ವಃ,vah
cb6_cbe.ogg,ಶಾ,shaa
cb6_cbf.ogg,ಶಿ,shi
cb6_cc0.ogg,ಶೀ,shii
cb6_cc1.ogg,ಶು,shu
cb6_cc2.ogg,ಶೂ,shuu
cb6_cc3.ogg,ಶೃ,shru
cb6_cc6.ogg,ಶೆ,she
cb6_cc7.ogg,ಶೇ,shee
cb6_cc8.ogg,ಶೈ,shai
cb6_cca.ogg,ಶೊ,sho
cb6_ccb.ogg,ಶೋ,shoo
cb6_ccc.ogg,ಶೌ,shau
cb6_c82.ogg,ಶಂ,sham
cb6_c83.ogg,ಶಃ,shah
cb7_cbe.ogg,ಷಾ,Shaa
cb7_cbf.ogg,ಷಿ,Shi
cb7_cc0.ogg,ಷೀ,Shii
cb7_cc1.ogg,ಷು,Shu
cb7_cc2.ogg,ಷೂ,Shuu
cb7_cc3.ogg,ಷೃ,Shru
cb7_cc6.ogg,ಷೆ,She
cb7_cc7.ogg,ಷೇ,Shee
cb7_cc8.ogg,ಷೈ,Shai
cb7_cca.ogg,ಷೊ,Sho
cb7_ccb.ogg,ಷೋ,Shoo
cb7_ccc.ogg,ಷೌ,Shau
cb7_c82.ogg,ಷಂ,Sham
cb7_c83.ogg,ಷಃ,Shah
cb8_cbe.ogg,ಸಾ,saa
cb8_cbf.ogg,ಸಿ,si
cb8_cc0.ogg,ಸೀ,sii
cb8_cc1.ogg,ಸು,su
cb8_cc2.ogg,ಸೂ,suu
cb8_cc3.ogg,ಸೃ,sru
cb8_cc6.ogg,ಸೆ,se
cb8_cc7.ogg,ಸೇ,see
cb8_cc8.ogg,ಸೈ,sai
cb8_cca.ogg,ಸೊ,so
cb8_ccb.ogg,ಸೋ,soo
cb8_ccc.ogg,ಸೌ,sau
cb8_c82.ogg,ಸಂ,sam
cb8_c83.ogg,ಸಃ,sah
cb9_cbe.ogg,ಹಾ,haa
cb9_cbf.ogg,ಹಿ,hi
cb9_cc0.ogg,ಹೀ,hii
cb9_cc1.ogg,ಹು,hu
cb9_cc2.ogg,ಹೂ,huu
cb9_cc3.ogg,ಹೃ,hru
cb9_cc6.ogg,ಹೆ,he
cb9_cc7.ogg,ಹೇ,hee
cb9_cc8.ogg,ಹೈ,hai
cb9_cca.ogg,ಹೊ,ho
cb9_ccb.ogg,ಹೋ,hoo
cb9_ccc.ogg,ಹೌ,hau
cb9_c82.ogg,ಹಂ,ham
cb9_c83.ogg,ಹಃ,hah
cb3_cbe.ogg,ಳಾ,Laa
cb3_cbf.ogg,ಳಿ,Li
cb3_cc0.ogg,ಳೀ,Lii
cb3_cc1.ogg,ಳು,Lu
cb3_cc2.ogg,ಳೂ,Luu
cb3_cc3.ogg,ಳೃ,Lru
cb3_cc6.ogg,ಳೆ,Le
cb3_cc7.ogg,ಳೇ,Lee
cb3_cc8.ogg,ಳೈ,Lai
cb3_cca.ogg,ಳೊ,Lo
cb3_ccb.ogg,ಳೋ,Loo
cb3_ccc.ogg,ಳೌ,Lau
cb3_c82.ogg,ಳಂ,Lam
cb3_c83.ogg,ಳಃ,Lah
cb6_cad_cbe_cb7_ccd.ogg,ಶಭಾಷ್,shabash
c9a_cc6_ca8_ccd_ca8_cbe_c97_cbf_ca6_cc6.ogg,ಚೆನ್ನಾಗಿದೆ,chennagide
